Department Name,Address Line 1,Address Zip Code
5 CUBA HILL ALLERGY,5 Cuba Hill Road,11740
5 CUBA HILL CARDIOLOGY,5 Cuba Hill Road,11740
5 CUBA HILL DERMATOLOGY,5 Cuba Hill Road,11740
5 CUBA HILL ENDOCRINOLOGY,5 Cuba Hill Road,11740
5 CUBA HILL GASTROENETEROLOGY,5 Cuba Hill Road,11740
5 CUBA HILL HEM ONC,5 Cuba Hill Road,11740
5 CUBA HILL INTERNAL MEDICINE,5 Cuba Hill Road,11740
5 CUBA HILL LABORATORY,5 Cuba Hill Road,11740
5 CUBA HILL MDVIP INTERNAL MEDICINE,5 Cuba Hill Road,11740
5 CUBA HILL NEPHROLOGY,5 Cuba Hill Road,11740
5 CUBA HILL NEUROLOGY,5 Cuba Hill Road,11740
5 CUBA HILL OB/GYN,5 Cuba Hill Road,11740
5 CUBA HILL OPHTHALMOLOGY,5 Cuba Hill Road,11740
5 CUBA HILL ORTHOPAEDICS,5 Cuba Hill Road,11740
5 CUBA HILL ORTHOPAEDICS SESSIONAL,5 Cuba Hill Road,11740
5 CUBA HILL PAIN MANAGEMENT,5 Cuba Hill Road,11740
5 CUBA HILL PEDIATRICS,5 Cuba Hill Road,11740
5 CUBA HILL PEDS GASTROENTEROLOGY,5 Cuba Hill Road,11740
5 CUBA HILL PODIATRY,5 Cuba Hill Road,11740
5 CUBA HILL PULMONARY,5 Cuba Hill Road,11740
5 CUBA HILL RD UROLOGY,5 Cuba Hill Road,11740
5 CUBA HILL RHEUMATOLOGY,5 Cuba Hill Road,11740
5 CUBA HILL RMTI LIVER DISEASE,5 Cuba Hill Road,11740
5 CUBA HILL SURGERY,5 Cuba Hill Road,11740
5 CUBA HILL TRANSPLANT KIDNEY,5 Cuba Hill Road,11740
5 CUBA HILL TRANSPLANT LIVER,5 Cuba Hill Road,11740
5 E 98 4TH FL PAIN/FLUOROSCOPY,5 East 98th Street,10128
5 E 98 6TH FL PAIN/FLUOROSCOPY,5 East 98th Street,10128
5 E 98 CLINICAL IMMUNOLOGY,5 East 98th Street,10029
5 E 98  DERMATOLOGY,5 East 98th Street,10029
5 E 98 ENDOCRINOLOGY,5 E 98th Street,10029
5 E 98  ENT OTOLARYNGOLOGY,5 East 98th Street,10029
5 E 98 GASTROENTEROLOGY,5 E 98th Street,10029
5 E 98  HEMOPHILIA,5 E 98th Street,10029
5 E 98 INFECTIOUS DISEASE,5 East 98th Street,10029
5 E 98  MFM,5 EAST 98TH STEET,10029
5 E 98  MOVEMENT DISORDER,5 E. 98th St. Box 1138,10029
5 E 98  MULTIPLE SCLEROSIS,5 E. 98th St.,10029
5 E 98 NEURO PALLIATIVE CARE,"5 E 98TH STREET,1st floor",10029
5 E 98  NEUROLOGY,5 E. 98th St. Box 1139,10029
5 E 98  NEUROSURG,5 E 98th Street,10029
5 E 98  NEUROSURG 7FL,5 East 98th Street,10029
5 E 98 NEUROSURGERY REHAB,5 East 98th St,10029
5 E 98  OB/GYN,5 East 98th St,10029
5 E 98  ORTHO JOINT,5 East 98th Street,10029
5 E 98  ORTHO PHYSIATRY,5 East 98th Street,10029
5 E 98  ORTHO SPINE,5 East 98th Street,10029
5 E 98  ORTHO TRAUMA,5 East 98th Street,10029
5 E 98  ORTHOPEDICS,5 East 98th Street,10029
5 E 98  PAIN/ANESTHESIOLOGY,5 East 98th Street,10128
5 E 98  PEDS ALLERGY,5 E 98th Street,10029
5 E 98  PEDS CHILD DEVELOP,5 E 98th Street,10029
5 E 98  PEDS ENDO ASD,5 E 98th Street,10029
5 E 98  PEDS GENERAL,5 E 98th Street,10029
5 E 98  PEDS GI,5 E 98th Street,10029
5 E 98  PEDS ID,5 E 98th Street,10029
5 E 98  PEDS NEPHROLOGY,5 E 98th Street,10029
5 E 98  PEDS NEUROLOGY,5 East 98th Street (Box 1206),10029
5 E 98  PEDS PULMONARY,5 E 98th Street,10029
5 E 98 PEDS RHEUM,5 east 98th Street 10th Floor,10029
5 E 98 REHAB FLUOROSCOPY,5 East 98th Street,10029
5 E 98 REHAB MEDICINE,5 East 98th Street,10029
5 E 98  REHAB NEUROPSYCH,5 E 98th Street,10029
5 E 98 RENAL/NEPHROLOGY,5 East 98th Street,10029
5 E 98  RMTI INTESTINAL,5 East 98th Street,10029
5 E 98  RMTI LIVER DISEASE,5 East 98th Street,10029
5 E 98  RMTI LIVER SURGERY,5 East 98th Street,10029
5 E 98  RMTI PEDS LIVER,5 East 98th Street,10029
5 E 98 SLEEP,5 East 98th Street,10029
5 E 98 ST GENOMIC MEDICINE,5 EAST 98TH STREET,10029
5 E 98 ST REHAB ATC,5 EAST 98TH STREET,10029
5 E 98  SURG BARIATRIC,5 East 98th Street,10029
5 E 98  SURG COLORECTAL,5 East 98th Street,10029
5 E 98  SURG ENDO PHYS,5 E 98th Street,10029
5 E 98 SURG GENERAL,5 East 98th Street,10029
5 E 98  SURG PEDIATRIC,5 East 98th Street,10029
5 E 98  SURG PLASTIC,5 East 98th Street,10029
5 E 98  SURG VASCULAR,5 East 98th Street,10029
5 E 98  TRAN INST SM BOWEL,5 East 98th Street,10029
5 E 98  TRANS INSTI KIDNEY,5 East 98th Street,10029
5 E 98  TRANS INSTI LIVER,5 East 98th Street,10029
5 E 98  TRANS INSTI PEDS,5 East 98th Street,10029
5 E 98 TRANS INSTI PSYCH,"5 east 98 th street,",10029
5 E 98  TRANS LIVING DONOR,5 East 98th Street,10029
5 E 98  UROLOGY,5 East 98th Street,10029
5 E 98TH ST SOCIAL WORK,5 East 98th Street,10029
5 E 102 MSH PHYSICAL THERAPY,5 E 102nd Street,10029
5-17 E 102 MSH OCCUPATIONAL THERAPY,5 East 102nd Street,10029
10 E 102 PULMONARY,10 E 102 st,10029
10 E 102 PULMONARY MED,10 East 102nd Street,10029
10 INDUSTRIAL WAY EAST RMTI LIVER DISEASE,"10 INDUSTRIAL WAY EAST, SUITE 101",07724
10 NATHAN PERL PL ACT,10 Nathan D Perlman Place,10003
10 NATHAN PERL PL AIMS,10 Nathan D Perlman Place,10003
10 NATHAN PERL PL AIMS ADMISSIONS,10 Nathan D Perlman Place,10003
10 NATHAN PERL PL POSA,10 Nathan D Perlman Place,10003
10 UNION SQ E ALLERGY,10 Union Square East,10003
10 UNION SQ E CARDIO,"10 Union Square East,",10003
10 UNION SQ E CYSTIC FIBROSIS,10 Union Sq E,10003
10 UNION SQ E DERM CLINIC,10 Union Square East,10003
10 UNION SQ E DERMATOLOGY,10 Union Square East,10003
10 UNION SQ E ENDOCRINOLOGY,10 Union Sq E,10003
,10 Union Sq East,10003
10 UNION SQ E ENT,10 UNION SQ E,10003
10 UNION SQ E ENT OMS,10 UNION SQ E,10003
10 UNION SQ E HEM ONC,"10 Union Square E,",10003
10 UNION SQ E HEM ONC INFUSION,10 Union Square E,10003
10 UNION SQ E INFECTIOUS DISEASE,10 UNION SQ E,10003
10 UNION SQ E MFM,10 Union Square E,10016
10 UNION SQ E MFM CLINIC,10 Union Square E,10003
10 UNION SQ E OB/GYN,10 Union Square E,10003
10 UNION SQ E OB/GYN CLINIC,10 Union Square E,10003
10 UNION SQ E OCCUPATION PHYS,10 Union Square East,10003
10 UNION SQ E ORTHO GENERAL,10 Union Square East,10003
10 UNION SQ E ORTHO HAND SURGERY,10 Union Square East,10003
10 UNION SQ E ORTHO JOINT,10 Union Square East,10003
10 UNION SQ E ORTHO SPINE,10 Union Square East,10003
10 UNION SQ E ORTHO SPORTS MED,10 Union Square East,10003
10 UNION SQ E PEDS ALLERGY,i0 Union Square E,10003
10 UNION SQ E PEDS CARDIO,10 Union Square E,10003
10 UNION SQ E PEDS ENDO,10 Union Square E,10003
10 UNION SQ E PEDS GEN,10 Union Square E,10003
10 UNION SQ E PEDS GI,10 Union Square E,10003
10 UNION SQ E PEDS NEPHROLOGY,10 Union Square E,10003
10 UNION SQ E PEDS PULM,10 Union Square E,10003
10 UNION SQ E PHYSIATRY,10 Union Square East,10003
10 UNION SQ E PHYSICAL THERAPY,10 Union Square East,10003
10 UNION SQ E PODIATRY,10 Union Square East,10003
10 UNION SQ E PODIATRY CLINIC,10 Union Square East,10003
10 UNION SQ E PST,10 Union Square East,10003
10 UNION SQ E RESP,"10 Union Square East,",10003
10 UNION SQ E SOCIAL WORK,10 Union Square E,10003
10 UNION SQ E  SPEECH THERAPY,10 UNION SQ E,10003
10 UNION SQ E SURG BREAST,"10 Union Square E,",10003
10 UNION SQ E SURG COL,10 Union Square E,10003
10 UNION SQ E SURG GEN,10 Union Square E,10003
10 UNION SQ E SURG ONC,10 Union Square E,10003
10 UNION SQ E SURG PLASTIC,10 Union Square E,10003
10 UNION SQ E SURG VASC,10 Union Square E,10003
10 UNION SQ E SURG VASCULAR LAB,10 Union Square E,10003
10 UNION SQ E THERAPEUTIC INFUSION,10 Union Square E,10003
10 UNION SQ E URGENT CARE,10 Union Square,10003
10 UNION SQ E UROLOGY,10 Union Square East,10003
10 UNION SQ E VEIN CLINIC,"10 Union Square East,",10003
10 UNION SQ ECHO,"10 Union Square East, Suite 2B",10003
10 UNION SQ ENDO THYROID INS,10 Union Square East,10003
,"10 Union Square East,",10003
10 UNION SQ ENDO WEIGHT MGT,10 Union Square East,10003
10 UNION SQ GASTROENTEROLOGY,10 Union Square East,10003
10 UNION SQ PFT,"10 Union Square East,",10003
10 UNION SQ RHEUMATOLOGY,10 Union Square East,10003
10 UNION SQ SIGN LANGUAGE,10 Union Square East,10003
10 UNION SQ VASC PROC,"10 Union Square East, Suite 2B",10003
11 MADISON AVE BH,11 Madison Avenue,10010
11 MADISON AVE INTERNAL MED,11 Madison Avenue,10010
11 MADISON AVENUE PT,11 Madison Avenue,10010
11 RALPH PL. CARD,11 Ralph Pl SI,10304
11 RALPH PLACE CARDIOLOGY SUITE 109 & 201,11 Ralph Pl SI Suite 109,10304
17 E 102 GASTRO IBD,17 E 102nd St,10029
17 E 102 MSH SPEECH THERAPY,5 East 102nd Street,10029
17 E 102 OPHTH EYE INFIRMARY,17 EAST 102 ST. 8TH FLOOR WEST,10029
17 E 102 OPHTHALMOLOGY,17 EAST 102 ST. 8TH FLOOR WEST,10029
17 E 102 ORTHOPEDICS,17 E 102nd St.,10029
17 E 102 STUDENT HEALTH,"17 E 102nd St, 4th Fl",10029
17 E 102ND HOSP DIAB CLIN,17 E 102 street 4th floor,10029
17 E 102ND HOSP ENDO/THYR,17 E 102nd Street,10029
17 E 102ND HOSP OPHTH,17 EAST 102ND ST 8TH FL EAST,10029
17 E 102ND IAM,17 E 102nd Street 3rd floor,10029
17 E 102ND IAM PEDS,17 E 102nd Street 3rd floor,10029
17 E 102ND IMA DIAB EX PRG,17 E 102 street 7th floor,10029
17 E 102ND IMA FIRM A,17 E 102 street 7th floor,10029
17 E 102ND IMA FIRM B,17 E 102 street 7th floor,10029
17 E 102ND IMA FIRM C,17 E 102 street 7th floor,10029
17 E 102ND IMA FIRM D,17 E 102 street 7th floor,10029
17 E 102ND IMA PACT,17 E 102 street 7th floor,10029
17 E 102ND IMA UNASSIGNED,17 E 102 street 7th floor,10029
17 E 102ND LIVER DISEASE,17 E 102nd St,10029
17 E 102ND ST DERMATOLOGY,17 E 102nd Street,10029
17 E 102ND ST GASTRO,17 E 102nd St,10029
17 E 102ND ST IMA DEPRESSION CLINIC,"17 E 102 Street, 7th floor",10029
17 E 102ND ST IMA PSYCH,"17 E 102 Street, 7th floor",10029
17 E 102ND ST RHEUMATOLOGY,"17 E 102nd Street, 2nd Floor",10029
17 E 102ND ST SICKLE CELL CLINIC,17 E 102nd Street,10029
17 E 102ND ST WOUND CARE CLINIC,"17 E 102nd Street, 4th Floor,",10029
19 E 98TH ST PSYCH,19 E 98th St,10029
19 E 98TH ST PSYCH EXTERN SERVICES,19 E 98th St,10029
19 E 98TH ST PSYCH POST DOC SERVICES,"19 E 98th St,Floor 5",10029
20 E 46TH ST OB/GYN,20 EAST 46TH STREET,10017
25-10 30TH AVE CEREBROVASCULAR STROKE CENTER,25-10TH 30TH AVENUE,11102
25-20 30TH AVE BARIATRIC SURGERY,25-20 30th Avenue,11102
25-20 30TH AVE BREAST SURGERY,25-20 30th Avenue,11102
25-20 30TH AVE CARDIOLOGY,25-20 30th Avenue,11102
25-20 30TH AVE CARDIOVASCULAR SURGERY,25-20 30th Avenue,11102
25-20 30TH AVE DIABETES ALLIANCE,25-20 30th Avenue,11102
25-20 30TH AVE ENDOCRINOLOGY,25-20 30th Avenue,11102
25-20 30TH AVE GASTROENTEROLOGY,25-20 30th Avenue,11102
25-20 30TH AVE INTERNAL MEDICINE,25-20 30th Avenue,11102
25-20 30TH AVE NEPHROLOGY,25-20 30th Avenue,11102
25-20 30TH AVE NEUROLOGY,25-20 30th Avenue,11102
25-20 30TH AVE NEUROSURGERY,25-20 30th Avenue,11102
25-20 30TH AVE OB/GYN,25-20 30th Avenue,11102
25-20 30TH AVE OPHTHALMOLOGY,25-20 30th Avenue,11102
25-20 30TH AVE ORTHOPEDICS,25-20 30th Avenue,11102
25-20 30TH AVE PEDIATRICS,25-20 30th Avenue,11102
25-20 30TH AVE PULMONARY,25-20 30th Avenue,11102
25-20 30TH AVE RHEUMATOLOGY,25-20 30th Avenue,11102
25-20 30TH AVE RMTI  LIVER DISEASE,25-20 30th Avenue,11102
25-20 30TH AVE SURGERY,25-20 30th Avenue,11102
25-20 30TH AVE TRANSPLANT INSTITUTE KIDNEY,25-20 30th Avenue,11102
25-20 30TH AVE TRANSPLANT INSTITUTE LIVER,25-20 30th Avenue,11102
25-20 30TH AVE UROLOGY,25-20 30th Avenue,11102
25-20 30TH AVE VASCULAR SURGERY,25-20 30th Avenue,11102
31-60 21 ST CARDIOLOGY,31-60 21st Street,11106
31-60 21 ST ENDOCRINOLOGY,31-60 21st Street,11106
31-60 21 ST FAMILY MEDICINE,31-60 21st Street,11106
31-60 21 ST GENERAL SURGERY,31-60 21st Street,11106
31-60 21 ST GYNECOLOGY,31-60 21st Street,11106
31-60 21 ST NEPHROLOGY,31-60 21st Street,11106
31-60 21 ST NEUROLOGY,31-60 21st Street,11106
31-60 21 ST PODIATRY,31-60 21st Street,11106
31-60 21 ST RHEUMATOLOGY,31-60 21st Street,11106
36 W 60 ST ENDOCRINOLOGY,36 W 60th ST,10023
36 W 60 ST INFECTIOUS DISEASE,36 W 60th ST,10023
36 W 60 ST NEPHROLOGY,36 W 60th ST,10023
36 W 60 ST PULMONOLOGY,36 W 60th ST,10023
37-12 82ND ST CARDIOLOGY,37-12 82ND ST,11372
37-12 82ND ST DIABETES ALLIANCE,37-12 82ND ST,11372
37-12 82ND ST GYN,37-12 82ND ST,11372
37-12 82ND ST HEM ONC,37-12 82ND ST,11372
37-12 82ND ST INTERNAL MEDICINE,37-12 82ND ST,11372
37-12 82ND ST LIVER,37-12 82ND ST,11372
37-12 82ND ST NEUROLOGY,37-12 82ND ST,11372
37-12 82ND ST ORTHOPEDICS,37-12 82ND ST,11372
37-12 82ND ST PODIATRY,37-12 82ND ST,11372
37-12 82ND ST SURG GENERAL,37-12 82ND ST,11372
46-04 31ST AVE CARDIOLOGY,46-04 31ST AVE,11103
46-04 31ST AVE INTERNAL MEDICINE,46-04 31ST AVE,11103
46-04 31ST AVE VASCULAR SURGERY,46-04 31st Avenue,11103
50 E 98TH ST PSYCH STM,50 E 98th St,10029
50 W 77TH ST OBGYN,50 W 77th Street,10024
52 W 8TH ST FAMILY MEDICINE,52 WEST 8TH ST,10011
52 W 8TH ST INTERNAL MEDICINE,52 WEST 8TH ST,10011
52 W 8TH ST OBGYN,52 WEST 8TH ST,10011
53 E 124 CARDIOLOGY,53 E 124 St,10035
53-55 E 96TH ST PSYCH,53-55 E 96th St,10029
55 E 34 ST GYN,55 East 34th St,10016
55 E 34TH ST CARDIOLOGY,55 East 34th St,10016
55 E 34TH ST DERMATOLOGY,55 East 34th Street,10016
55 E 34TH ST ENDOCRINOLOGY,55 East 34th St,10016
55 E 34TH ST ENT,55 East 34th St,10016
55 E 34TH ST FAMILY MEDICINE,55 East 34th St,10016
55 E 34TH ST GASTROENTEROLOGY,55 East 34th St,10016
55 E 34TH ST INTERNAL MEDICINE 1ST FL,55 East 34th St,10016
55 E 34TH ST INTERNAL MEDICINE JMP,55 East 34th St,10016
55 E 34TH ST OPHTHALMOLOGY,55 East 34th St,10016
55 E 34TH ST ORTHOPEDICS,55 East 34th St,10016
55 E 34TH ST PODIATRY,55 East 34th St,10016
55 E 34TH ST PRIMARY CARE 5TH FL,55 East 34th St,10016
55 HUDSON YARDS BEHAVIORAL HEALTH,550 W 34TH ST,10001
55 HUDSON YARDS CARDIOLOGY,550 W 34TH ST,10001
55 HUDSON YARDS COVID TESTING CENTER,550 W 34TH ST,10001
55 HUDSON YARDS DERM,550 W 34TH ST,10001
55 HUDSON YARDS GYNECOLOGY,550 W 34TH ST,10001
55 HUDSON YARDS INTERNAL MEDICINE,550 W 34TH ST,10001
55 HUDSON YARDS PT,550 W 34TH ST,10001
55 HUDSON YARDS PULMONARY,550 W 34TH ST,10001
57-59 EAST 96TH STREET PSYCH,57-59 East 96th Street,10029
57-59 EAST 96TH STREET PSYCH FPA CENTRALIZED,57-59 East 96th Street,10029
59 SOUTHERN BLVD INTERNAL MED,59 SOUTHERN BLVD,11767
59 SOUTHERN BLVD NEPHROLOGY,59 SOUTHERN BLVD,11767
59 SOUTHERN BLVD OBGYN,59 SOUTHERN BLVD,11767
59 SOUTHERN BLVD ORTHOPAEDICS,59 SOUTHERN BLVD,11767
59 SOUTHERN BLVD PODIATRY,59 SOUTHERN BLVD,11767
59 SOUTHERN BLVD RHEUMATOLOGY,59 SOUTHERN BLVD,11767
59 SOUTHERN BLVD UROLOGY,59 SOUTHERN BLVD,11767
61 SOUTHERN BLVD CARDIOLOGY,61 SOUTHERN BLVD,11767
61 SOUTHERN BLVD GASTROENTEROLOGY,61 SOUTHERN BLVD,11767
67 IRVING PLACE CARDIOLOGY,67 IRVING PLACE,10003
77 WORTH ST OPHTHALMOLOGY ,77 Worth Street,10013
84-52 63 AVE INTERNAL MEDICINE,84-52 63rd Avenue,10019
99-01 QNS BLVD CARDIOLOGY,99-01 Queens Blvd,10019
99-01 QNS BLVD ENDOCRINOLOGY,99-01 Queens Blvd,10019
99-01 QNS BLVD NEUROLOGY,99-01 Queens Blvd,10019
99-01 QNS BLVD OBGYN,99-01 Queens Blvd,10019
99-01 QNS BLVD ORTHOPEDICS,99-01 Queens Blvd,10019
99-01 QNS BLVD PHYSICAL MEDICINE AND REHAB,99-01 Queens Blvd,11374
99-01 QNS BLVD PRIMARY CARE,99-01 Queens Blvd,11374
99-01 QNS BLVD RHEUMATOLOGY,99-01 Queens Blvd,10019
99-01 QNS BLVD SURG BARI,99-01 Queens Blvd,10019
99-01 QNS BLVD SURG GENERAL,99-01 Queens Blvd,10019
99-01 QNS BLVD SURG VASCULAR,99-01 Queens Blvd,10019
99-01 QNS BLVD UROLOGY-SA 8,99-01 Queens Blvd,10019
101 BROADWAY OB/GYN,101 BROADWAY,11249
104 DELANCEY ST ALLERGY,"104 Delancey St,",10002
104 DELANCEY ST DERMATOLOGY,"104 Delancey St,",10002
104 DELANCEY ST ENT,"104 Delancey St,",10002
104 DELANCEY ST GASTROENTEROLOGY,"104 Delancey St,",10002
104 DELANCEY ST GYN,"104 Delancey St,",10002
104 DELANCEY ST NEUROLOGY,"104 Delancey St, New York, NY 10002",10002
104 DELANCEY ST ORTHOPEDICS,"104 Delancey St,",10002
104 DELANCEY ST PODIATRY,"104 Delancey St,",10002
104 DELANCEY ST PRIMARY CARE,"104 Delancey St,",10002
110 YORK ST URGENT CARE,110 York Street,11201
124 W 60TH ST MFM,124 W 60TH STREET,10023
128 MOTT VASCULAR SURG,128 Mott St,10013
132 GREENPOINT AVE CARDIO REMOTE,132 GREENPOINT AVE,11222
132 GREENPOINT AVE CARDIOLOGY,132 GREENPOINT AVE,11222
135 N 7TH ST ALLERGY,135 NORTH 7TH ST,11249
135 N 7TH ST DERMATOLOGY,135 NORTH 7TH ST,11249
135 N 7TH ST FAMILY MEDICINE,135 NORTH 7TH ST,11249
135 N 7TH ST GASTROENTEROLOGY,135 NORTH 7TH ST,11249
135 N 7TH ST ORTHOPEDICS,135 NORTH 7TH ST,11249
135-16 ROOSEVELT COLORECT,135-16 Roosevelt Ave,11354
135-16 ROOSEVELT HEPATO,135-16 Roosevelt Ave,11354
135-16 ROOSEVELT SURG VAS,135-16 Roosevelt Ave,11354
141 SOUTH CENTRAL AVE INTERNAL MEDICINE JMP,141 SOUTH CENTRAL AVE,10530
147 E 26TH ST CARDIOLOGY,147 EAST 26TH STREET,10010
168 CENTRE ST LIVER DISEAS,168 Centre Street Floor 3M,10013
168 CENTRE ST NEUROSURGERY,168 Centre Street Floor 3M,10013
168 CENTRE ST ONCOLOGY,168 Centre Street Floor 3M,10013
168 CENTRE ST ORTHOPEDICS,168 Centre Street Floor 3M,10013
168 CENTRE ST RHEUM,168 Centre Street Floor 3M,10013
168 CENTRE ST RMTI LVR DIS,168 Centre Street Floor 3M,10013
168 CENTRE ST SURG COLO,168 Centre Street Floor 3M,10013
168 CENTRE ST SURG HEPAT,168 Centre Street Floor 3M,10013
168 CENTRE ST THORACICSURG,168 Centre Street Floor 3M,10013
168 CENTRE ST TRANS SURG,168 Centre Street Floor 3M,10013
177 E 87TH ST CARDIAC ARRHYTHMIA,177 E 87th ST,10128
177 E 87TH ST CARDIOLOGY,177 E 87 ST,10128
177 E 87TH ST NUCLEAR,177 E 87th ST,10128
200 OLD CNTRY RD INTERNAL MEDICINE,200 OLD COUNTRY RD,11501
200 OLD COUNTRY RD CARDIOLOGY,200 OLD COUNTRY RD,11501
200 OLD COUNTRY RD ENDOCRINOLOGY,200 OLD COUNTRY RD,11501
200 OLD COUNTRY RD OPHTHALMOLOGY,200 Old Country Road,11501
200 OLD COUNTRY RD UROLOGY,200 OLD COUNTRY RD,11501
200 W 57TH PAIN/ANESTHESIOLOGY,200 W 57th Street,10019
200 W 57TH PAIN/FLUOROSCOPY,200 W 57th Street,10019
200 W 57TH ST ALLERGY,200 WEST 57TH ST,10019
200 W 57TH ST ENDOCRINOLOGY,200 WEST 57TH ST,10019
200 W 57TH ST GASTROENTEROLOGY,200 WEST 57TH ST,10019
200 W 57TH ST INTERNAL MEDICINE,200 WEST 57TH ST,10019
200 W 57TH ST NYEE OPHTHALMOLOGY,200 West 57th Street,10019
200 W 57TH ST OBGYN 10TH FL,200 W 57TH ST,10019
200 W 57TH ST OBGYN 13TH FL,200 W 57TH ST,10019
200 W 57TH ST OBGYN 16TH FL,200 WEST 57TH ST,10019
200 W 57TH ST OPHTHALMOLOGY,200 WEST 57TH ST,10019
200 W 57TH ST OTOLARYNGOLOGY,200 W 57th St,10019
200 W 57TH ST PODIATRY,200 WEST 57TH ST,10019
200 W 57TH ST UROLOGY,200 WEST 57TH ST,10019
207 GLEN COVE AVE GASTROENTEROLOGY,207 Glen Cove Ave,11579
222 ROUTE 59 OCCUPATIONAL HEALTH,222 Route 59,10901
226 W 14TH ST ALLERGY,226 WEST 14TH ST,10011
226 W 14TH ST CARDIOLOGY,226 WEST 14TH ST,10011
226 W 14TH ST ENDOCRINOLOGY,226 WEST 14TH ST,10011
226 W 14TH ST INTERNAL MEDICINE,226 WEST 14TH ST,10011
226 W 14TH ST PULMONOLOGY,226 WEST 14TH ST,10011
230 2ND AVE SURGERY,230 Second Ave,10003
234 CENTRAL PARK WEST INTERNAL MEDICINE,234 Central Park West,10024
234 E 85TH CARD ENDO,234 E 85th Street,10028
234 E 85TH CARD REHAB,234 East 85th Street,10028
234 E 85TH CARDIOLOGY,234 East 85th Street,10028
234 E 85TH PULMONARY,234 E 85th St,10028
234 E 85TH ST CARDIOLOGY,234 East 85th Street,10029
234 E 85TH ST DERM,"234 E 85th Street, 5th Floor",10028
234 E 85TH ST ENDO,234 E 85th St,10028
234 E 85TH ST ENT,"234 E 85TH Street, 4th Floor",10028
234 E 85TH ST IM,"234 E 85th Street,",10028
234 E 85TH ST IM 6FL,"234 E 85th Street,",10028
234 E 85TH ST NYEE MSH OPTH,"234 East 85th Street, 1st Floor",10028
234 E 85TH ST OB/GYN,234 East 85th Street 3rd Floor,10028
234 E 85TH ST PEDS GEN,"234 E 85th Street, 3rd Floor",10028
234 E 85TH ST URO 1FL,234 East 85th Street 1st Floor,10028
234 E 85TH SURG VAS,234 E 85th St,10028
234 EAST 85TH ST DIABETES ALLIANCE,234 E 85th St,10028
244 WESTCHESTER AVE ENT,244 WESTCHESTER AVE,10530
255 GREENWICH ST DERMATOLOGY,255 GREENWICH ST,10007
255 GREENWICH ST INTERNAL MEDICINE,255 GREENWICH ST,10007
255 GREENWICH ST OBGYN,255 GREENWICH ST,10007
255 GREENWICH ST ORTHOPEDICS,255 GREENWICH ST,10007
270 1/2 9TH ST CARDIOLOGY,270 1/2 9TH STREET,11215
275 7TH AVE CTMS,275 7th Ave 12th floor,10001
275 7TH AVE IAM,275 7th Ave 12th floor,10001
275 7TH AVE PSYCH,275 7th Ave,10001
275 8TH AVE IAM,275 8th Ave,11234
281 1ST AVE GENERAL MED,i81 1ST AVE - 11TH FLOOR,10003
286 FT WASHINGTON UROLOGY,286 FT WASHINGTON AVE,10032
300 CADMAN PLAZA ALLERGY,300 Cadman Plaza West,11201
300 CADMAN PLAZA CARDIOLOGY,300 CADMAN PLAZA,11201
300 CADMAN PLAZA DERMATOLOGY,300 CADMAN PLAZA,11201
300 CADMAN PLAZA ENDOCRINOLOGY,300 CADMAN PLAZA,11201
300 CADMAN PLAZA FLUOROSCOPY,300 CADMAN PLAZA,11201
300 CADMAN PLAZA NEPHROLOGY,300 CADMAN PLAZA,11201
300 CADMAN PLAZA NEUROLOGY,300 CADMAN PLAZA,11201
300 CADMAN PLAZA OB/GYN,300 Cadman Plaza,11201
300 CADMAN PLAZA ORTHOPAEDICS,300 CADMAN PLAZA,11201
300 CADMAN PLAZA PAIN MANAGEMENT,300 CADMAN PLAZA,11201
300 CADMAN PLAZA PEDIATRICS,300 CADMAN PLAZA,11201
300 CADMAN PLAZA PULMONARY,300 CADMAN PLAZA,11201
300 CADMAN PLAZA REHAB MED,300 Cadman Plaza West,11201
300 CADMAN PLAZA RHEUMATOLOGY,300 CADMAN PLAZA,11201
300 CADMAN PLAZA THOR SURG,300 CADMAN PLAZA,11201
300 CADMAN PLAZA TRANSPLANT KIDNEY,300 CADMAN PLAZA,11201
300 CADMAN PLAZA TRANSPLANT LIVER,300 CADMAN PLAZA,11201
300 CADMAN PLAZA TRANSPLANT LIVER DISEASE,300 CADMAN PLAZA,11201
300 CADMAN PLAZA URGENT CARE,300 Cadman Plaza,11201
300 CADMAN PLAZA UROLOGY,300 CADMAN PLAZA,11201
300 CADMAN PLAZA VAS SURG,300 CADMAN PLAZA,11201
309 W 23RD ST CARDIOLOGY,"309 West 23rd Street, 2nd Fl",10011
309 W 23RD ST DERMATOLOGY,309 West 23rd Street,10011
309 W 23RD ST ENDOCRINOLOGY,"309 West 23rd Street, 2nd Fl",10011
309 W 23RD ST FAMILY MEDICINE,"309 West 23rd Street, 2nd Fl",10011
309 W 23RD ST GASTROENTOROLOGY,"309 West 23rd Street, 2nd Fl",10011
309 W 23RD ST INTERNAL MEDICINE,"309 West 23rd Street, 2nd Fl",10011
309 W 23RD ST NEUROLOGY,"309 West 23rd Street, 2nd Fl",10011
309 W 23RD ST OBGYN,"309 West 23rd Street, 2nd Fl",10011
309 W 23RD ST OPTHALMOLOGY,"309 West 23rd Street, 3rd Fl",10011
309 W 23RD ST ORTHOPEDICS,"309 West 23rd Street, 3rd Fl",10011
309 W 23RD ST PODIATRY,"309 West 23rd Street, 3rd Fl",10011
310 E 14TH ENT,310 E 14th St,10003
310 E 14TH SLEEP CENTER,310 E 14TH ST,10003
310 E 14TH ST DIABETES,310 E 14TH  ST 6TH FLOOR,10003
310 E 14TH ST OPHTHALMOLOGY,310 E 14th St,10003
315 W 50TH ST INTERNAL MEDICINE,315 W 50TH ST,10019
317 E 17TH ST PULMONARY,317 EAST 17TH STREET,10003
317 E 17TH ST TESTING CENTER,317 EAST 17TH STREET,10003
317 E 17TH WELLNESS PRACTICE,317 EAST 17TH STREET,10003
321 E 34TH ORTHO HAND SURGERY,321 East 34th Street,10016
325 W 15TH ST BREAST SURG,325 W 15TH STREET,10011
325 W 15TH ST DERMATOLOGY,325 W 15th Street,10011
325 W 15TH ST DERMATOLOGY CLINIC,325 W 15th Street,10011
325 W 15TH ST GYN ONCOLOGY,325 W.15th Street,10011
325 W 15TH ST HEM ONC,325 W. 15th Street,10011
325 W 15TH ST HEM ONC INFUSION,325 W 15th Street,10011
325 W 15TH ST OBGYN,325 W 15th Street,10011
325 W 15TH ST ONCOLOGY LAB,325 W 15th Street,10011
325 W 15TH ST PALLIATIVE CARE,325 W 15th Street,10011
325 W 15TH ST PSYCH ONC,325 W 15th Street,10011
325 W 15TH ST SURG PLASTIC,325 W 15th Street,10011
325 W 15TH ST SURG THORACIC,325 W 15th Street,10011
325 W 15TH ST THERAPEUTIC INFUSION,325 W. 15th Street,10011
325 W 15TH ST THERAPEUTIC LAB,325 W 15th Street,10011
340 E 17TH ST FAMILY PLANNING,340 E 17th Street,10003
341 CENTRAL AVE INTERNAL MEDICINE,341 CENTRAL PARK AVE,10583
345 E 102ND WTC PSYCH,345 East 102nd Street,10029
355 BARD AVE CARDIO SURG,"355 Bard Avenue,",10310
380 2ND AVE ENT OTOLARYNGOLOGY,380 2nd Avenue,10010
400 JEFFERSON PARK INTERNAL MEDICINE,400 JEFFERSON PARK,07981
425 W 59 GASTROENTEROLOGY,"425 W 59th ST,",10019
425 W 59TH ST CARDIOLOGY,425 W 59th St,10019
425 W 59TH ST CARDIOLOGY INT,425 W 59th St,10019
425 W 59TH ST MFEU,425 W 59th St,10019
425 W 59TH ST NEUROSURGERY,425 W 59th St,10019
425 W 59TH ST ORTHOPEDICS,425 W 59th St,10019
425 W 59TH ST OTOLARYNGOLOGY,425 W 59th St,10019
425 W 59TH ST RHEUMATOLOGY,425 W 59th ST,10019
425 W 59TH ST UROLOGY,425 W 59th St,10019
425 WEST 59TH ST THERAPEUTIC INFUSION,425 W 59TH ST,10019
440 W 114 IAM,"440 WEST 114TH St, Suite 640",10025
440 W 114 NUTRITION CLINIC,440 W 114TH STREET,10025
440 W 114 ST ACC6 SURGICAL ONCOLOGY,440 W 114th St,10025
440 W 114 SURG BARIATRIC,440 W 114TH STREET,10025
440 W 114 SURG COLORECTAL,440 W 114TH STREET,10025
440 W 114 SURG GENERAL,440 W 114TH STREET,10025
440 W 114 SURG PLASTIC,440 W 114TH STREET,10025
440 W 114 SURG VASC,440 West 114th Street,10025
440 W 114 THORACIC SURG,440 West 114th St. 6th Floor,10025
440 W 114TH IAM DENTAL,"440 WEST 114TH St, Suite 640",10025
440 W 114TH ST ACC6 GASTROENTEROLOGY,"440 WEST 114TH ST,",10025
445 E 77ST UROLOGY,445 EAST 77TH ST,10019
465 OCEAN PARKWAY OB/GYN,465 Ocean Parkway,11218
476 KLONDIKE AVE INTERNAL MEDICINE,476 Klondike Avenue,10314
500 GRAND ORTHO JOINT,500 Grand Ave Englewood,07631
500 GRAND ORTHO SPINE,500 Grand Ave Englewood,07631
500 MONTAUK HWY CARDIOLOGY,500 Montauk Highway,11795
579 FRANKLIN LIVER DIS,579 Franklin Turnpike,07450
579 FRANKLIN RMTI LIVER DISEASE,579 FRANKLIN TURNPIKE,07450
579 FRANKLIN TRANS LIV,579 FRANKLIN TURNPIKE,07450
600 UNIVERSITY BLVD CARDIOLOGY,600 UNIVERSITY BLVD,33458
600 UNIVERSITY BLVD PULMONARY,600 UNIVERSITY BLVD,33458
625 MADISON AVE UROLOGY,625 Madison Avenue,10022
625 N FLAGLER DRIVE CARDIOLOGY,625 N. FLAGLER DR,33401
625 N FLAGLER DRIVE DERMATOLOGY,625 N. FLAGLER DR,33401
625 N FLAGLER DRIVE ENDOCRINOLOGY,625 N. FLAGLER DR,33401
625 N FLAGLER DRIVE INTERNAL MEDICINE,625 N. FLAGLER DR,33401
625 N FLAGLER DRIVE PULMONARY,625 N. FLAGLER DR,33401
638 COLUMBUS AVE DERM,638 Columbus Ave,10029
638 COLUMBUS AVE INTERNAL MEDICINE,"638 Columbus Ave,",10024
638 COLUMBUS AVE SURG VASC,638 Columbus Ave,10029
638 COLUMBUS AVE URGENT CARE,638 Columbus Ave,10024
718 TEANECK ROAD SURG COLORECTAL,718 Teaneck Road,07666
729 7TH AVE DERMATOLOGY,729 7th Avenue,10019
729 7TH AVE GYN,729 7th Avenue,10019
729 7TH AVE INTERNAL MEDICINE,729 7th Avenue,10019
729 7TH AVE PODIATRY,729 7th Avenue,10019
731 CONEY ISLAND CARD,731 Coney Island Ave,11218
745 SEVENTH AVE INTERNAL MEDICINE,745 7TH AVENUE,10019
774 MANOR RD PODIATRY,"774 Manor Road,",10304
780 8TH AVE DERMATOLOGY,780 8th Ave,10019
780 8TH AVE INTERNAL MEDICINE,780 8th Ave,10019
797 BRIGHTON AVE INTERNAL MEDICINE,797 Brighton Avenue,10301
910 PARK AVE ORTHOPEDICS,910 Park Avenue,10075
944 PARK AVE. UROLOGY,944 Park Ave,10028
1000 10TH AVE CVI CARDIO VEIN,1000 10TH AVENUE,10019
1000 10TH AVE CVI CARDIOLOGY,1000 10TH AVENUE,10019
1000 10TH AVE CVI CARDIOLOGY ECHO,1000 10TH AVENUE,10019
1000 10TH AVE CVI CARDIOLOGY HOLTER,1000 10TH AVENUE,10019
1000 10TH AVE CVI CARDIOLOGY NUCLEAR,1000 10TH AVENUE,10019
1000 10TH AVE CVI CARDIOLOGY VASCULAR,1000 10TH AVENUE,10019
1000 10TH AVE PSYCHIATRY,1000 10TH AVENUE,10019
1000 10TH ECHO,1000 10th Ave,10019
1000 10TH PFT LAB,1000 10TH AVE,10019
1020 WARBURTON SELIKOFF,1020 Warburton Ave.,10701
1075 PARK AVE CARDIOLOGY,1075 Park Ave.,10128
1090 AMST AVE 15TH FL CBCS,1090 Amsterdam Ave,10019
1090 AMST AVE 17TH FL CHILD CLINIC,1090 Amsterdam Ave,10019
1090 AMST AVE NEUROLOGY,"1090 Amsterdam Ave,",10025
1090 AMST AVE NEUROSURGERY,"1090 Amsterdam Ave,",10025
1090 AMST AVE PSYCHIATRY,1090 Amsterdam Ave,10025
1090 AMST AVE REHAB MEDICINE,1090 Amsterdam Ave,10025
1090 AMST AVE UROLOGY,"1090 Amsterdam Avenue, Suite 7G",10025
1090 AMST SURG VASCULAR,"1090 AMST AV, 12th FLR",10025
1100 FRANKLIN AVE SURG COLORECTAL,1100 FRANKLIN AVE,11530
1111 AMST AVE MOBILE CRISIS,1111 Amsterdam Ave,10019
1111 AMST ECHO,1111 Amsterdam Avenue,10025
1111 AMST PFT LAB,1111 AMSTERDAM AVE,10025
1155 N BLVD ENT OTOLARYNGOLOGY,"1155 Northern Boulevard,Floor 3",11030
1155 NORTHERN BLVD BARIATRIC SURGERY,1155 Northern Blvd,11030
1155 NORTHERN BLVD CARDIOLOGY,1155 Northern Blvd,11030
1155 NORTHERN BLVD ENDOCRINE,1155 Northern Blvd,11030
1155 NORTHERN BLVD GASTROENTEROLOGY,1155 Northern Blvd,11030
1155 NORTHERN BLVD GYNECOLOGY,1155 Northern Blvd,11030
1155 NORTHERN BLVD INTERNAL MEDICINE,1155 Northern Blvd,11030
1155 NORTHERN BLVD ORTHO,1155 Northern Boulevard,11030
1160 5TH AVE PSYCH,1160 5th Ave,10029
1176 5TH DUBIN MED ONC,1176 5th Avenue,10029
1176 5TH DUBIN SURG ONC,1176 5th Avenue,10029
1184 5TH PEDS ALLERGY,1184 5th Ave,10029
1190 5TH CARD ASSOCS GP1S,1190 Fifth Avenue,10029
1190 5TH CARD ASSOCS GP1W,1190 5TH AVE,10029
1190 5TH CARD ENDO,1190 Fifth Avenue,10029
1190 5TH CARDIO SURG,1190 Fifth Ave,10029
1190 5TH CARDIOVASC INST,1190 Fifth Avenue,10029
1203 AVENUE J CARD,1203 Avenue J,11230
1240 PARK AVE PSYCH,1240 Park Ave,10029
1249 5TH AVE DIALYSIS,1249 5TH AVE,10029
1302 AMSTERDAM CARD,1302 Amsterdam Ave,10027
1425 MADISON AVE PSYCH,1425 Madison Ave,10029
1425 MADISON AVE PSYCH NP SVC,1425 Madison Ave,10029
1425 MADISON AVE PSYCH RESEARCH,1425 Madison Ave,10029
1425 MADISON AVE PSYCH TMS,1425 Madison Ave,10029
1425 MADISON AVE PSYCHIATRY WOMENS HEALTH,1425 Madison Ave,10029
1425 MADISON NEURO PSYCH,1425 Madison Ave,10128
1428 MADISON AVE PSYCH,1428 Madison Ave,10029
1436 BROADWAY CARDIOLOGY,1436 BROADWAY,11557
1436 BROADWAY ENDOCRINOLOGY,1436 BROADWAY,11557
1436 BROADWAY GASTROENTEROLOGY,"1436 Broadway,FL #1",11557
1436 BROADWAY NEUROSURGERY,1436 Broadway,11557
1436 BROADWAY RMTI LIVER DISEASE,1436 BROADWAY,11557
1436 BROADWAY RMTI TRANSPLANT KIDNEY,1436 BROADWAY,11557
1436 BROADWAY RMTI TRANSPLANT LIVER,1436 BROADWAY,11557
1440 MADISON GERIATRICS,17 East 102nd Street,10029
1450 MAD RMTIFIBROSCAN,1450 Madison Ave,10029
1450 MADISON AVE SLEEP CENTER,1450 Madison Ave,10029
1450 MADISON NEURO ENDOVAS,1450 Madison Avenue,10029
1468 HOSP PEDS GI,1468 Madison Ave,10029
1468 MADISON ALD CLINIC PEDIATRIC ENDOCRINOLOGY,1468 Madison Ave,10029
1468 MADISON AVE ALD CLINIC NEUROLOGY,1468 Madison Ave,10029
1468 MADISON AVE COVID THERAPEUTIC CTR,1468 Madison Avenue,10029
1468 MADISON AVE DENTAL,1468 Madison Ave,10029
1468 MADISON AVE DERMATOLOGY,1468 MADISON,10029
1468 MADISON AVE ENT,1468 Madison Avenue,10029
1468 MADISON AVE NEUROLOGY,"1468 Madison Avenue,",10029
1468 MADISON AVE NUCLEAR MEDICINE,1468 Madison Ave,10029
1468 MADISON AVE OMS,1468 Madison Avenue,10029
1468 MADISON AVE ORTHOPEDICS JOINT REPLACEMENT CLASS,1468 Madison Ave,10029
1468 MADISON AVE PEDS ENT,"1468 Madison Avenue, Annenberg 4th Floor",10029
1468 MADISON CANCER,1468 MADISON AVENUE,10029
1468 MADISON HEME/ONC PEDS,1468 Madison Ave,10029
1468 MADISON  HEMOPHILIA,1468 Madison Ave,10029
1468 MADISON HOSP PEDS GEN,1468 Madison Ave,10029
1468 MADISON  NEUROSURG,1468 Madison Ave,10029
1468 MADISON PEDIATRIC VACCINE POD,1468 Madison Avenue,10029
1468 MADISON PEDS CARDIO,1468 Madison Ave,10029
1468 MADISON PULMONARY LAB,1468 Madison Avenue,10029
1468 MADISON THOR SURG,1468 Madison Ave,10029
1468 MADISON  WTC PREV MED,1468 Madison Ave,10029
1468 MADISON WTC PSYCH,1468 Madison Ave,10029
,One Gustave L. Levy Place,10029
1470 MADISON CANCER CENTER,1470 Madison Avenue,10029
1470 MADISON THERAPEUTIC INFUSION,1470 Madison Avenue,10029
1523 VOORHIES AVE CARDIOLOGY,1523 Voorhies Ave Bkln,11235
1630 E 15TH ST OPHTHALMOLOGY,1630 East 15th St.,11229
1977 FLATBUSH AVE CARDIOLOGY,1977 Flatbush Avenue,11234
2052 RICHMOND ENT OTOLARYN,2052 Richmond Road,10306
2052 RICHMOND RMTI LIVER DISEASE,2052 Richmond Road,10306
2052 RICHMOND WTC PREV MED,2052 Richmond Road,10306
2052 RICHMOND WTC PSYCH,2052 Richmond Road,10306
2099 FOREST AVE INTERNAL MEDICINE,2099 Forest Avenue,10303
2109 BROADWAY POST COVID,"2109 BROADWAY,2FL",10023
2315 VICTORY BLVD INTERNAL MEDICINE MAIN FL,2315 Victory Blvd,10314
2360 AMSTRDAM SURG VAS,2360 Amsterdam Ave,10033
2360 AMSTRDM SURG BARI,2360 Amsterdam Ave,10033
2771 FREDERICK DOUGLAS INTERNAL MEDICINE,2771 FREDERICK DOUGLAS AVE,10036
2800 MARCUS ORT SPINE,2800 MARCUS AVE,11042
3131 KINGS HIGHWAY ENT,3131 KINGS HIGHWAY,11234
3131 KINGS HIGHWAY INTERNAL MEDICINE,"3131 KINGS HIGHWAY, D-3",11234
3131 KINGS HIGHWAY NEUROLOGY,3131 Kings Highway,11234
3131 KINGS HIGHWAY UROLOGY,3131 KINGS HIGHWAY,11234
3131 KINGS THOR SURG,3131 Kings Highway,11234
3201 KINGS HWY CARDIOLOGY,3201 Kings Hwy,11234
3201 KINGS HWY PST,3201 Kings Hwy,11234
3201 KINGS HWY VASCULAR LAB,3201 Kings Hwy,11234
4982 HYLAN BLVD INTERNAL MEDICINE,4982 HYLAN BLVD,10312
5030 BRDWY SURG VASC,5030 Broadway,10034
5030 BROADWAY CARD,5030 Broadway,10034
5030 BROADWAY IM,5030 Broadway,10034
5030 BROADWAY URGENT CARE,5030 Broadway,10034
HOSP ADOL OPTOMETRY,312 E. 94TH ST.,10128
HOSP ADOL PRENATAL,312 E. 94TH ST.,10128
HOSP ADOLESCENT MEDICAL,312 E. 94TH ST.,10128
HOSP ADOLESCENT MENTAL HEALTH,312 E. 94TH ST.,10128
HOSP ADOLESCENT PROJECT IMPACT,312 E. 94TH ST.,10128
HOSP DERMATOLOGY,One Gustave L. Levy Place,10029
HOSP ENT AUDIOLOGY,17 E 102ND ST,10029
HOSP GENETICS,"1468 Madison Avenue,(Annenberg Building)",10029
HOSP IMMUNOLOGY/ALLERGY,17 East 102nd Street,10029
HOSP NEURO HEAD,17 E 102nd Street,10029
HOSP NEURO MOVE DIS,"17 East 102nd St, 4th Fl East, Ste D",10029
HOSP NEURO SEIZURE,17 E 102nd Street,10029
HOSP NEUROLOGY,17 E 102nd Street,10029
HOSP NEUROSURGERY,One Gustave L. Levy Place,10029
HOSP OB COVID,1176 5th Avenue,10029
HOSP ORTHOPEDICS,17 E 102nd St,10029
HOSP ORTHOPEDICS PEDS,17 E 102nd St,10029
HOSP PEDS CFSP,One Gustave L. Levy Place,10029
HOSP PEDS CHEST,One Gustave L. Levy Place,10029
HOSP PEDS NEURO,One Gustave L. Levy Place,10029
HOSP PEDS SCH HEALTH,One Gustave L Levy Place,10029
HOSP PODIATRY,17 E 102nd St,10029
HOSP PSY CLINIC ON STE,1240 Park Avenue,10029
HOSP PSYCH ADULT 1160,One Gustave L. Levy Place,10029
HOSP PSYCH CHILD,1 Gustave L. Levy Place,10029
HOSP PSYCH GERIATRICS,One Gustave L. Levy PLace,10029
HOSP PSYCH IAC,1240 Park Avenue,10029
HOSP PSYCH PHP,1 Gustave L Levy Place,10029
HOSP PSYCH TRAINING,1160 5th Avenue,10029
HOSP RENAL,17 East 102nd Street,10029
HOSP SBH BREC MEDICAL,351 West 18 Street,10011
HOSP SBH JREC MEDICAL,317 East 67th Street,10065
HOSP SBH MCSM MEDICAL,280 Pleasant Avenue,10023
HOSP SBH PS 38,232 E 103rd St,10029
HOSP SBH PS 83/PS 182,219 E 109th St,10029
HOSP SBH PS 108,1615 Madison Avenue,10029
HOSP SBH TPEC,240 E 109th St,10029
HOSP SURG COLORECTAL,17 E 102nd St,10029
HOSP SURG GENERAL,"17 E 102nd Street, 6th Floor East, Suite C",10029
HOSP SURG INCONTINENCE,17 EAST 102nd STREET,10029
HOSP SURG PLASTIC,17 E 102nd St,10029
HOSP SURG UROLOGY,17 E 102nd Street,10029
HOSP SURG VASCULAR,"17 E 102nd Street, 4th Floor East, Suite D",10029
HSO EPISODIC TELEHEALTH,One Gustave L. Levy Place,10029
IMA PAIN MANAGEMENT,"17 E 102 Street, 7th fl",10029
MS NEUROPSYCHOLOGY,17 E 102nd St,10029
MS SLR PRI SURG 1111 AMSTERDAM AVE SEC D,440 W 114TH STREET,10025
MSBI CATH LAB,281 1st Ave,10003
MSBI ECHO,281 1st Ave,10003
MSBI ECT,281 1st Ave,10003
MSBI FAMILY PLANNING OR,340 E 17th Street,10003
MSBI NUCLEAR CARDIOLOGY,281 1st Ave,10003
MSHS TELEHEALTH,One Gustave L. Levy Place,10029
PEDS VISITING DOC HSE CALL,1 Gustave L Levy Place,10029
THERAPEUTIC INF,1470 Madison Avenue,10029
VISITING DOCS HOUSE CALL,17 E 102nd St,10029
VISITING DOCTORS,17 E 102nd Street,10029
X_2 W 86TH ST OBGYN_DEACTIVATED,i W 86TH ST,10024
X_10 NATHAN PERL PL ACT_DEACTIVATED,10 Nathan D Perlman Place,10003
X_10 NATHAN PERL PL AIMS ADMISSIONS_DEACTIVATED,10 Nathan D Perlman Place,10003
X_10 NATHAN PERL PL AIMS_DEACTIVATED,10 Nathan D Perlman Place,10003
X_10 NATHAN PERL PL POSA_DEACTIVATED,10 Nathan D Perlman Place,10003
X_10 UNION SQ E CARDIO_DEACTIVATED,"10 Union Square East, Suite 2B",10003
X_10 UNION SQ E CYSTIC FIBROSIS_DEACTIVATED,10 Union Sq E,10003
X_10 UNION SQ E DERM CLINIC_DEACTIVATED,10 Union Square East,10003
X_10 UNION SQ E DERMATOLOGY_DEACTIVATED,10 Union Square East,10003
X_10 UNION SQ E ENDOCRINOLOGY_DEACTIVATED,10 Union Sq E,10003
X_10 UNION SQ E ENT OMS_DEACTIVATED,10 UNION SQ E,10003
X_10 UNION SQ E ENT_DEACTIVATED,10 UNION SQ E,10003
X_10 UNION SQ E HEM ONC INFUSION_DEACTIVATED,10 Union Square E,10003
X_10 UNION SQ E HEM ONC_DEACTIVATED,10 Union Square E,10003
X_10 UNION SQ E INFECTIOUS DISEASE_DEACTIVATED,10 UNION SQ E,10003
X_10 UNION SQ E MFM CLINIC_DEACTIVATED,10 Union Square E,10003
X_10 UNION SQ E MFM_DEACTIVATED,10 Union Square E,10016
X_10 UNION SQ E OB/GYN_DEACTIVATED,10 Union Square E,10003
X_10 UNION SQ E OBGYN CLINIC_DEACTIVATED,10 Union Square E,10003
X_10 UNION SQ E OCCUPATION PHYS_DEACTIVATED,10 Union Square East,10003
X_10 UNION SQ E ORTHO JOINT_DEACTIVATED,10 Union Square East,10003
X_10 UNION SQ E ORTHO SPINE_DEACTIVATED,10 Union Square East,10003
X_10 UNION SQ E ORTHO SPORTS MED_DEACTIVATED,10 Union Square East,10003
X_10 UNION SQ E PEDS ALLERGY_DEACTIVATED,10 Union Square E,10003
X_10 UNION SQ E PEDS CARDIO_DEACTIVATED,10 Union Square E,10003
X_10 UNION SQ E PEDS ENDO_DEACTIVATED,10 Union Square E,10003
X_10 UNION SQ E PEDS GEN_DEACTIVATED,10 Union Square E,10003
X_10 UNION SQ E PEDS GI_DEACTIVATED,10 Union Square E,10003
X_10 UNION SQ E PEDS NEPHROLOGY_DEACTIVATED,10 Union Square E,10003
X_10 UNION SQ E PEDS PULM_DEACTIVATED,10 Union Square E,10003
X_10 UNION SQ E PFT_DEACTIVATED,"10 Union Square East,",10003
X_10 UNION SQ E PHYSICAL THERAPY_DEACTIVATED,10 Union Square East,10003
X_10 UNION SQ E PODIATRY CLINIC_DEACTIVATED,10 Union Square East,10003
X_10 UNION SQ E PODIATRY_DEACTIVATED,10 Union Square East,10003
X_10 UNION SQ E PST_DEACTIVATED,10 Union Square East,10003
X_10 UNION SQ E RESP_DEACTIVATED,"10 Union Square East,",10003
X_10 UNION SQ E RHEUMATOLOGY_DEACTIVATED,10 UNION SQ E,10003
X_10 UNION SQ E SOCIAL WORK_DEACTIVATED,10 Union Square E,10003
X_10 UNION SQ E SPEECH THERAPY_DEACTIVATED,10 UNION SQ E,10003
X_10 UNION SQ E SURG BREAST_DEACTIVATED,10 Union Square E,10003
X_10 UNION SQ E SURG COLORECTAL_DEACTIVATED,10 Union Square E,10003
X_10 UNION SQ E SURG GENERAL_DEACTIVATED,10 Union Square E,10003
X_10 UNION SQ E SURG ONCOLOGY_DEACTIVATED,10 Union Square E,10003
X_10 UNION SQ E SURG PLASTIC_DEACTIVATED,10 Union Square E,10003
X_10 UNION SQ E SURG VASCULAR LAB_DEACTIVATED,10 Union Square E,10003
X_10 UNION SQ E SURG VASCULAR_DEACTIVATED,10 Union Square E,10003
X_10 UNION SQ E THERAPEUTIC INFUSION_DEACTIVATED,10 Union Square E,10003
X_10 UNION SQ E URGENT CARE_DEACTIVATED,10 Union Square,10023
X_10 UNION SQ E UROLOGY_DEACTIVATED,10 Union Square East,10003
X_10 UNION SQ E VEIN CLINIC_DEACTIVATED,"10 Union Square East,",10003
X_10 UNION SQ ECHO_DEACTIVATED,"10 Union Square East, Suite 2B",10003
X_10 UNION SQ ENDO THYROID INS_DEACTIVATED,10 Union Square East,10003
X_10 UNION SQ GASTROENTEROLOGY_DEACTIVATED,10 Union Square East,10003
X_10 UNION SQ INFECTIOUS DISEASE,10 Union Square East,10003
X_10 UNION SQ PHYSIATRY_DEACTIVATED,10 Union Square East,10003
X_10 UNION SQ VASC PROC_DEACTIVATED,"10 Union Square East, Suite 2B",10003
X_11 MAD AVE BH CS_DEACTIVATED,11 Madison Avenue,10010
X_11 MADISON AVE INTERNAL MED_DEACTIVATED,11 Madison Avenue,10010
X_11 MADISON AVENUE PT_DEACTIVATED,11 Madison Avenue,10010
X_20 E 46TH ST OB/GYN_DEACTIVATED,20 EAST 46TH STREET,10017
X_36 W 60 ST ENDOCRINOLOGY_DEACTIVATED,36 W 60th ST,10023
X_36 W 60 ST INFECTIOUS DISEASE_DEACTIVATED,36 W 60th ST,10023
X_36 W 60 ST NEPHROLOGY_DEACTIVATED,36 W 60th ST,10023
X_36 W 60 ST PULMONOLOGY_DEACTIVATED,36 W 60th ST,10023
X_37-12 82ND ST CARDIOLOGY_DEACTIVATED,37-12 82ND ST,11372
X_37-12 82ND ST DIABETES ALLIANCE_DEACTIVATED,37-12 82ND ST,11372
X_37-12 82ND ST ENDOCRINOLOGY_DEACTIVATED,37-12 82ND ST,11372
X_37-12 82ND ST GASTROENTEROLOGY_DEACTIVATED,37-12 82ND ST,11372
X_37-12 82ND ST GYN_DEACTIVATED,37-12 82ND ST,11372
X_37-12 82ND ST HEM ONC_DEACTIVATED,37-12 82ND ST,11372
X_37-12 82ND ST INTERNAL MEDICINE_DEACTIVATED,37-12 82ND ST,11372
X_37-12 82ND ST LIVER_DEACTIVATED,37-12 82ND ST,11372
X_37-12 82ND ST NEUROLOGY_DEACTIVATED,37-12 82ND ST,11372
X_37-12 82ND ST ORTHOPEDICS_DEACTIVATED,37-12 82ND ST,11372
X_37-12 82ND ST PODIATRY_DEACTIVATED,37-12 82ND ST,11372
X_37-12 82ND ST SURG GENERAL_DEACTIVATED,37-12 82ND ST,11372
X_50 W 77TH ST OBGYN_DEACTIVATED,50 W 77th Street,10024
X_52 W 8TH ST FAMILY MEDICINE_DEACTIVATED,52 WEST 8TH ST,10011
X_52 W 8TH ST INTERNAL MEDICINE_DEACTIVATED,52 WEST 8TH ST,10011
X_52 W 8TH ST OBGYN_DEACTIVATED,52 WEST 8TH ST,10011
X_55 E 34TH ST CARDIOLOGY_DEACTIVATED,55 East 34th St,10016
X_55 E 34TH ST DERMATOLOGY_DEACTIVATED,55 East 34th Street,10016
X_55 E 34TH ST ENDOCRINOLOGY_DEACTIVATED,55 East 34th St,10016
X_55 E 34TH ST ENT_DEACTIVATED,55 East 34th St,10016
X_55 E 34TH ST FAMILY MEDICINE_DEACTIVATED,55 East 34th St,10016
X_55 E 34TH ST GASTROENTEROLOGY_DEACTIVATED,55 East 34th St,10016
X_55 E 34TH ST GYN_DEACTIVATED,55 East 34th St,10016
X_55 E 34TH ST INTERNAL MEDICINE 1ST FL_DEACTIVATED,55 East 34th St,10016
X_55 E 34TH ST INTERNAL MEDICINE JMP_DEACTIVATED,55 East 34th St,10016
X_55 E 34TH ST OPHTHALMOLOGY_DEACTIVATED,55 East 34th St,10016
X_55 E 34TH ST ORTHOPEDICS_DEACTIVATED,55 East 34th St,10016
X_55 E 34TH ST PODIATRY_DEACTIVATED,55 East 34th St,10016
X_55 E 34TH ST PRIMARY CARE 5TH FLOOR_DEACTIVATED,55 East 34th St,10016
X_55 HUDSON YARDS BEHAVIORAL HEALTH_DEACTIVATED,550 W 34TH ST,10001
X_55 HUDSON YARDS CARDIOLOGY_DEACTIVATED,550 W 34TH ST,10001
X_55 HUDSON YARDS DERM_DEACTIVATED,550 W 34TH ST,10001
X_55 HUDSON YARDS GYNECOLOGY_DEACTIVATED,550 W 34TH ST,10001
X_55 HUDSON YARDS INTERNAL MEDICINE_DEACTIVATED,550 W 34TH ST,10001
X_55 HUDSON YARDS PT_DEACTIVATED,550 W 34TH ST,10001
X_55 HUDSON YARDS PULMONARY_DEACTIVATED,550 W 34TH ST,10001
X_67 IRVING PLACE CARDIOLOGY_DEACTIVATED,67 IRVING PLACE,10003
X_99-01 QNS BLVD CARD EP_DEACTIVATED,99-01 Queens Blvd,10019
X_99-01 QNS BLVD CARDIOLOGY_DEACTIVATED,99-01 Queens Blvd,10019
X_99-01 QNS BLVD ENDOCRINOLOGY_DEACTIVATED,99-01 Queens Blvd,10019
X_99-01 QNS BLVD NEUROLOGY_DEACTIVATED,99-01 Queens Blvd,10019
X_99-01 QNS BLVD OBGYN_DEACTIVATED,99-01 Queens Blvd,10019
X_99-01 QNS BLVD ORTHOPEDICS_DEACTIVATED,99-01 Queens Blvd,10019
X_99-01 QNS BLVD PHYSICAL MEDICINE AND REHAB_DEACTIVATED,99-01 Queens Blvd,11374
X_99-01 QNS BLVD PRIMARY CARE_DEACTIVATED,99-01 Queens Blvd,10019
X_99-01 QNS BLVD RHEUMATOLOGY_DEACTIVATED,99-01 Queens Blvd,10019
X_99-01 QNS BLVD SURG BARI_DEACTIVATED,99-01 Queens Blvd,10019
X_99-01 QNS BLVD SURG GENERAL_DEACTIVATED,99-01 Queens Blvd,10019
X_99-01 QNS BLVD SURG VASCULAR_DEACTIVATED,99-01 Queens Blvd,10019
X_104 DELANCEY ST ALLERGY_DEACTIVATED,"104 Delancey St,",10002
X_104 DELANCEY ST DERMATOLOGY_DEACTIVATED,"104 Delancey St,",10002
X_104 DELANCEY ST ENT_DEACTIVATED,"104 Delancey St,",10002
X_104 DELANCEY ST GASTROENTEROLOGY_DEACTIVATED,"104 Delancey St,",10002
X_104 DELANCEY ST GYN_DEACTIVATED,"104 Delancey St,",10002
X_104 DELANCEY ST NEUROLOGY_DEACTIVATED,"104 Delancey St, New York, NY 10002",10002
X_104 DELANCEY ST ORTHOPEDICS_DEACTIVATED,"104 Delancey St,",10002
X_104 DELANCEY ST PODIATRY_DEACTIVATED,"104 Delancey St,",10002
X_104 DELANCEY ST PRIMARY CARE_DEACTIVATED,"104 Delancey St,",10002
X_124 W 60TH ST MFM_DEACTIVATED,124 W 60TH STREET,10023
X_132 GREENPOINT AVE CARDIO REMOTE_DEACTIVATED,132 GREENPOINT AVE,11222
X_132 GREENPOINT AVE CARDIOLOGY_DEACTIVATED,132 GREENPOINT AVE,11222
X_135 N 7TH ST ALLERGY_DEACTIVATED,135 NORTH 7TH ST,11249
X_135 N 7TH ST FAMILY MEDICINE_DEACTIVATED,135 NORTH 7TH ST,11249
X_135 N 7TH ST GASTROENTEROLOGY_DEACTIVATED,135 NORTH 7TH ST,11249
X_135 N 7TH ST ORTHOPEDICS_DEACTIVATED,135 NORTH 7TH ST,11249
X_141 SOUTH CENTRAL AVE INTERNAL MEDICINE JMP_DEACTIVATED,141 SOUTH CENTRAL AVE,10530
X_147 E 26TH ST CARDIOLOGY_DEACTIVATED,147 EAST 26TH STREET,10010
X_200 W 57TH PAIN/ANESTHESIOLOGY_DEACTIVATED,200 W 57th Street,10019
X_200 W 57TH PAIN/FLUOROSCOPY_DEACTIVATED,200 W 57th Street,10019
X_200 W 57TH ST ALLERGY_DEACTIVATED,200 WEST 57TH ST,10019
X_200 W 57TH ST DERMATOLOGY_DEACTIVATED,200 WEST 57TH ST,10019
X_200 W 57TH ST ENDOCRINOLOGY_DEACTIVATED,200 WEST 57TH ST,10019
X_200 W 57TH ST GASTROENTEROLOGY_DEACTIVATED,200 WEST 57TH ST,10019
X_200 W 57TH ST INTERNAL MEDICINE_DEACTIVATED,200 WEST 57TH ST,10019
X_200 W 57TH ST OBGYN 10TH FL_DEACTIVATED,200 W 57TH ST,10019
X_200 W 57TH ST OBGYN 13TH FL_DEACTIVATED,200 W 57TH ST,10019
X_200 W 57TH ST OBGYN 16TH FL_DEACTIVATED,200 WEST 57TH ST,10019
X_200 W 57TH ST OPHTHALMOLOGY_DEACTIVATED,200 WEST 57TH ST,10019
X_200 W 57TH ST PODIATRY_DEACTIVATED,200 WEST 57TH ST,10019
X_226 W 14TH ST ALLERGY_DEACTIVATED,226 WEST 14TH ST,10011
X_226 W 14TH ST CARDIOLOGY_DEACTIVATED,226 WEST 14TH ST,10011
X_226 W 14TH ST ENDOCRINOLOGY_DEACTIVATED,226 WEST 14TH ST,10011
X_226 W 14TH ST INTERNAL MEDICINE_DEACTIVATED,226 WEST 14TH ST,10011
X_226 W 14TH ST PULMONOLOGY_DEACTIVATED,226 WEST 14TH ST,10011
X_234 CENTRAL PARK WEST INTERNAL MEDICINE_DEACTIVATED,234 Central Park West,10024
X_244 WESTCHESTER AVE ENT_DEACTIVATED,244 WESTCHESTER AVE,10530
X_255 GREENWICH ST DERMATOLOGY_DEACTIVATED,255 GREENWICH ST,10007
X_255 GREENWICH ST INTERNAL MEDICINE_DEACTIVATED,255 GREENWICH ST,10007
X_255 GREENWICH ST OBGYN_DEACTIVATED,255 GREENWICH ST,10007
X_255 GREENWICH ST ORTHOPEDICS_DEACTIVATED,255 GREENWICH ST,10007
X_255 GREENWICH ST UROLOGY_DEACTIVATED,255 GREENWICH ST,10007
X_270 1/2 9TH ST CARDIOLOGY_DEACTIVATED,270 1/2 9TH STREET,11215
X_275 8TH AVE IAM_DEACTIVATED,275 8th Ave,11234
X_281 1ST AVE GENERAL MED_DEACTIVATED,281 1ST AVE - 11TH FLOOR,10003
X_286 FT WASHINGTON UROLOGY_DEACTIVATED,286 FT WASHINGTON AVE,10032
X_300 CADMAN PLAZA WEST PAIN MANAGEMENT_DEACTIVATED,300 Cadman Plaza West,11201
X_309 W 23RD OPTHALMOLOGY_DEACTIVATED,"309 West 23rd Street, 3rd Fl",10011
X_309 W 23RD ST CARDIOLOGY_DEACTIVATED,"309 West 23rd Street, 2nd Fl",10011
X_309 W 23RD ST DERMATOLOGY_DEACTIVATED,309 West 23rd Street,10011
X_317 E 17TH ST TESTING CENTER_DEACTIVATED,317 EAST 17TH STREET,10003
X_317 E 17TH ST WELLNESS PRACTICE_DEACTIVATED,317 EAST 17TH STREET,10003
X_321 E 34TH ORTHO HAND SURGERY_DEACTIVATED,321 East 34th Street,10016
X_325 W 15TH ST BREAST SURG_DEACTIVATED,325 W 15TH STREET,10011
X_325 W 15TH ST DERMATOLOGY CLINIC_DEACTIVATED,325 W 15th Street,10011
X_325 W 15TH ST DERMATOLOGY_DEACTIVATED,325 W 15th Street,10011
X_325 W 15TH ST GYN ONCOLOGY_DEACTIVATED,325 W.15th Street,10011
X_325 W 15TH ST HEM ONC INFUSION_DEACTIVATED,325 W 15th Street,10011
X_325 W 15TH ST HEM ONC_DEACTIVATED,325 W 15th Street,10011
X_325 W 15TH ST OBGYN_DEACTIVATED,325 W 15th Street,10011
X_325 W 15TH ST ONCOLOGY LAB_DEACTIVATED,325 W 15th Street,10011
X_325 W 15TH ST PALLIATIVE CARE_DEACTIVATED,325 W 15th Street,10011
X_325 W 15TH ST PSYCH ONC_DEACTIVATED,325 W 15th Street,10011
X_325 W 15TH ST SURG PLASTIC_DEACTIVATED,325 W 15th Street,10011
X_325 W 15TH ST SURG THORACIC_DEACTIVATED,325 W 15th Street,10011
X_325 W 15TH ST THERAPEUTIC INFUSION_DEACTIVATED,325 W 15th Street,10011
X_325 W 15TH ST THERAPEUTIC LAB_DEACTIVATED,325 W 15th Street,10011
X_340 E 17TH ST FAMILY PLANNING_DEACTIVATED,340 E 17th Street,10003
X_374 W 125 ST PULMONARY/SLEEP_DEACTIVATED,374 W 125th ST,10027
X_380 2ND AVE ENDOSCOPY_DEACTIVATED,380 2ND AVENUE,10010
X_425 W 59 GASTROENTEROLOGY_DEACTIVATED,"425 W 59th ST,",10019
X_425 W 59TH ST CARDIOLOGY INT_DEACTIVATED,425 W 59th St,10019
X_425 W 59TH ST CARDIOLOGY_DEACTIVATED,425 W 59th St,10019
X_425 W 59TH ST MFEU_DEACTIVATED,425 W 59th St,10019
X_425 W 59TH ST NEUROSURGERY_DEACTIVATED,425 W 59th St,10019
X_425 W 59TH ST ORTHOPEDICS_DEACTIVATED,425 W 59th St,10019
X_425 W 59TH ST OTOLARYNGOLOGY_DEACTIVATED,425 W 59th St,10019
X_425 W 59TH ST RHEUMATOLOGY_DEACTIVATED,425 W 59th ST,10019
X_425 W 59TH ST UROLOGY_DEACTIVATED,425 W 59th St,10019
X_425 WEST 59TH ST THERAPEUTIC INFUSION_DEACTIVATED,425 W 59th St,10019
X_440 W 114 GERIATRIC CLINIC_DEACTIVATED,440 W 114TH STREET,10025
X_440 W 114 HEM ONC_DEACTIVATED,440 WEST 114TH STREET,10025
X_440 W 114 INFUSION CENTER_DEACTIVATED,440 WEST 114TH STREET,10025
X_440 W 114 ST ACC6 SURGICAL ONCOLOGY_DEACTIVATED,440 W 114th St,10025
X_440 W 114 SURG BARIATRIC_DEACTIVATED,440 W 114TH STREET,10025
X_440 W 114 SURG COLORECTAL_DEACTIVATED,440 W 114TH STREET,10025
X_440 W 114 SURG GENERAL_DEACTIVATED,440 W 114TH STREET,10025
X_440 W 114 SURG VASC_DEACTIVATED,440 West 114th Street,10025
X_440 W 114 THERAPEUTIC INFUSION_DEACTIVATED,440 WEST 114TH STREET,10025
X_440 W 114 THORACIC SURG_DEACTIVATED,440 West 114th St. 6th Floor,10025
X_440 W 114TH IAM DENTAL_DEACTIVATED,"440 WEST 114TH St, Suite 640",10025
X_440 W 114TH IAM_DEACTIVATED,"440 WEST 114TH St, Suite 640",10025
X_440 W 114TH ST ACC6 GASTROENTEROLOGY_DEACTIVATED,"440 WEST 114TH ST,",10025
X_638 COLUMBUS AVE PRIMARY CARE_DEACTIVATED,"638 Columbus Ave,",10024
X_729 7TH AVE DERMATOLOGY_DEACTIVATED,729 7th Avenue,10019
X_729 7TH AVE GYN_DEACTIVATED,729 7th Avenue,10019
X_729 7TH AVE INTERNAL MEDICINE_DEACTIVATED,729 7th Avenue,10019
X_729 7TH AVE PODIATRY_DEACTIVATED,729 7th Avenue,10019
X_774 MANOR RD PODIATRY_DEACTIVATED,"774 Manor Road,",10304
X_780 8TH AVE DERMATOLOGY_DEACTIVATED,780 8th Ave,10019
X_780 8TH AVE GASTROENTEROLOGY_DEACTIVATED,780 8th Ave,10019
X_780 8TH AVE INTERNAL MEDICINE_DEACTIVATED,780 8th Ave,10019
X_780 8TH AVE OBGYN_DEACTIVATED,780 8th Ave,10019
X_780 8TH AVE ORTHOPEDICS_DEACTIVATED,780 8th Ave,10019
X_910 PARK AVE ORTHOPEDICS_DEACTIVATED,910 Park Avenue,10075
X_1000 10TH AVE PSYCHIATRY_DEACTIVATED,1000 10TH AVENUE,10019
X_1000 10TH ECHO_DEACTIVATED,1000 10th Ave,10019
X_1000 10TH PFT LAB_DEACTIVATED,1000 10TH AVE,10019
X_1090 AMST AVE 15TH FL CBCS_DEACTIVATED,1090 Amsterdam Ave,10019
X_1090 AMST AVE 17TH FL CHILD CLINIC_DEACTIVATED,1090 Amsterdam Ave,10019
X_1090 AMST AVE GASTROENTEROLOGY_DEACTIVATED,"1090 Amsterdam Ave,",10025
X_1090 AMST AVE NEPHROLOGY_DEACTIVATED,"1090 Amsterdam Ave,",10025
X_1090 AMST AVE NEUROLOGY_DEACTIVATED,"1090 Amsterdam Ave,",10025
X_1090 AMST AVE NEUROSURGERY_DEACTIVATED,"1090 Amsterdam Ave,",10025
X_1090 AMST AVE PSYCHIATRY_DEACTIVATED,1090 Amsterdam Ave,10025
X_1090 AMST AVE PULMONOLOGY_DEACTIVATED,"1090 Amsterdam Ave,",10025
X_1090 AMST AVE REHAB MEDICINE_DEACTIVATED,1090 Amsterdam Ave,10025
X_1090 AMST AVE UROLOGY_DEACTIVATED,"1090 Amsterdam Avenue, Suite 7G",10025
X_1090 AMST SURG VASCULAR_DEACTIVATED,"1090 AMST AV, 12th FLR",10025
X_1111 AMST AVE ENDOCRINOLOGY_DEACTIVATED,"1111 Amsterdam Ave,",10025
X_1111 AMST AVE MOBILE CRISIS_DEACTIVATED,1111 Amsterdam Ave,10019
X_1111 AMST ECHO_DEACTIVATED,1111 Amsterdam Avenue,10025
X_1111 AMST PFT LAB_DEACTIVATED,1111 AMSTERDAM AVE,10025
X_1155 NORTHERN BLVD BARIATRIC SURGERY_DEACTIVATED,1155 Northern Blvd,11030
X_1155 NORTHERN BLVD CARDIOLOGY_DEACTIVATED,1155 Northern Blvd,11030
X_1155 NORTHERN BLVD ENDOCRINE_DEACTIVATED,1155 Northern Blvd,11030
X_1155 NORTHERN BLVD GASTROENTEROLOGY_DEACTIVATED,1155 Northern Blvd,11030
X_1155 NORTHERN BLVD INTERNAL MEDICINE_DEACTIVATED,1155 Northern Blvd,11030
X_1155 NORTHERN BLVD ORTHO_DEACTIVATED,1155 Northern Boulevard,11030
X_1977 FLATBUSH AVE CARDIOLOGY_DEACTIVATED,1977 Flatbush Avenue,11234
X_2109 BROADWAY ENDOCRINOLOGY_DEACTIVATED,2109 Broadway,10023
X_2771 FREDERICK DOUGLAS GASTROENTEROLOGY_DEACTIVATED,2771 FREDERICK DOUGLAS AVE,10036
X_2771 FREDERICK DOUGLAS INTERNAL MEDICINE_DEACTIVATED,2771 FREDERICK DOUGLAS AVE,10036
X_3201 KINGS HWY INTERVENTIONAL RADIOLOGY_DEACTIVATED,3201 Kings Hwy,11234
X_5030 BROADWAY NETWORK IM_DEACTIVATED,5030 Broadway,10034
X_FPA CARDIOTHORACIC SURGERY_DEACTIVATED,1190 Fifth Ave,10029
X_HOSP ADOLESCENT MENTAL HEALTH_DEACTIVATED,312 E. 94TH ST.,10128
X_HOSP ADOLESCENT PROJECT IMPACT_DEACTIVATED,312 E. 94TH ST.,10128
X_HOSP ENT AUDIOLOGY_DEACTIVATED,17 E 102ND ST,10029
X_HOSP GENETICS_DEACTIVATED,"1468 Madison Avenue,(Annenberg Building)",10029
X_HOSP IMMUNOLOGY/ALLERGY_DEACTIVATED,17 East 102nd Street,10029
X_HOSP NEURO HEAD_DEACTIVATED,17 E 102nd Street,10029
X_HOSP NEURO MOVE DIS_DEACTIVATED,17 E 102nd Street,10029
X_HOSP NEURO SEIZURE_DEACTIVATED,17 E 102nd Street,10029
X_HOSP NEURO STROKE_DEACTIVATED,17 E 102nd Street,10029
X_HOSP NEUROLOGY_DEACTIVATED,17 E 102nd Street,10029
X_HOSP NEUROSURGERY_DEACTIVATED,One Gustave L. Levy Place ,10029
X_HOSP ORTHOPEDICS PEDS_DEACTIVATED,17 E 102nd St,10029
X_HOSP ORTHOPEDICS_DEACTIVATED,17 E 102nd St,10029
X_HOSP PED CHILD DEVELOP_DEACTIVATED,One Gustave L. Levy Place,10029
X_HOSP PEDS GU_DEACTIVATED,One Gustave L. Levy Place,10029
X_HOSP PEDS SCH HEALTH_DEACTIVATED,2351 1st Ave,10035
X_HOSP PODIATRY _DEACTIVATED,17 E 102nd St,10029
X_HOSP PSYCH ADULT 1160_DEACTIVATED,One Gustave L. Levy Place,10029
X_HOSP PSYCH ADULT KCC_DEACTIVATED,One Gustave L. Levy Place,10029
X_HOSP PSYCH CHILD_DEACTIVATED,1 Gustave L. Levy Place,10029
X_HOSP PSYCH GERIATRICS_DEACTIVATED,One Gustave L. Levy PLace,10029
X_HOSP PSYCH IAC_DEACTIVATED,1240 Park Avenue,10029
X_HOSP PSYCH PHP_DEACTIVATED,1 Gustave L Levy Place,10029
X_HOSP PSYCH TRAINING_DEACTIVATED,1160 5th Avenue,10029
X_HOSP RENAL_DEACTIVATED,17 East 102nd Street,10029
X_HOSP SBH BREC MEDICAL_DEACTIVATED,351 West 18 Street,10011
X_HOSP SBH JREC MEDICAL_DEACTIVATED,317 East 67th Street,10065
X_HOSP SBH MCSM MEDICAL_DEACTIVATED,280 Pleasant Avenue,10029
X_HOSP SBH PS 38_DEACTIVATED,232 E 103rd St,10029
X_HOSP SBH PS 83/PS 182_DEACTIVATED,219 E 109th St,10029
X_HOSP SBH PS 108_DEACTIVATED,1615 Madison Avenue,10029
X_HOSP SBH TPEC_DEACTIVATED,240 E 109th St,10029
X_HOSP SURG COLORECTAL_DEACTIVATED,17 E 102nd St,10029
X_HOSP SURG GENERAL_DEACTIVATED,17 E 102nd St,10029
X_HOSP SURG INCONTINENCE_DEACTIVATED,17 EAST 102nd STREET,10029
X_HOSP SURG PLASTIC_DEACTIVATED,17 E 102nd St,10029
X_HOSP SURG UROLOGY_DEACTIVATED,17 E 102nd St,10029
X_HOSP SURG VASCULAR_DEACTIVATED,17 E 102nd St,10029
X_IMA PAIN MANAGEMENT_DEACTIVATED,"17 E 102 Street, 7th fl",10029
X_IMA PSYCH_DEACTIVATED,"17 E 102 Street, 7th floor",10029
X_MS SLR PRI SURG 1111 AMSTERDAM AVE SEC D_DEACTIVATED,"1111 Amsterdam Avenue, Section D",10025
X_MSBI CATH LAB_DEACTIVATED,281 1st Ave,10003
X_MSBI FAMILY PLANNING OR_DEACTIVATED,340 E 17th Street,10003
X_MSQ FAMILY HEALTH ASSO_DEACTIVATED,31-60 21st Street,11106
X_MSQ PHYSICIAN ASSOC_DEACTIVATED,27-15 30th Avenue,11102
X_THERAPEUTIC INF_DEACTIVATED,1470 Madison Avenue,10029
